 0x10,0x00,0xE0,0x00,0x06,0x00,0x90,0x58,0x13,0x00,0x0F,0x7F,0x00,0x4C,0x7F,0x00
,0x01,0x00,0x20,0x03,0x14,0x00,0xEF,0x10,0x70,0x00,0x01,0x00,0x00,0x03,0x14,0x00
,0xC0,0x10,0x04,0x00,0x14,0x00,0x80,0x20,0xB0,0x26,0x00,0x01,0x14,0x00,0x80,0x00
,0x04,0x00,0x71,0x00,0x01,0x00,0xAE,0x02,0x14,0x00,0xA1,0x10,0x00,0xC0,0x1C,0x00
,0x00,0x52,0x01,0x10,0xB1,0x5A,0x00,0x08,0x14,0x00,0x91,0x00,0x00,0xC0,0x10,0x01
,0x02,0x5B,0xC8,0x00,0x04,0x00,0xEE,0x0A,0xEE,0x0A,0x03,0x00,0x04,0x00,0x00,0x2C
,0x2F,0xC1,0x18,0x40,0x70,0x00,0xFF,0x00,0x10,0x40,0x30,0x6E,0xB2,0x5A,0x39,0x04
,0x2F,0xC9,0x1A,0x40,0xB2,0x5A,0xC7,0x81,0x2F,0xC9,0x12,0x48,0x72,0x00,0xFF,0x00
,0x12,0x40,0x42,0x90,0xB4,0x22,0xFC,0xFF,0x42,0xD0,0x42,0x90,0xB4,0x26,0x1C,0x00
,0x42,0xD0,0xB2,0x5A,0x40,0x08,0x20,0xD0,0x40,0x76,0x10,0x76,0xB2,0x5A,0xC8,0x00
,0x2F,0xC9,0x02,0x40,0x9F,0xC1,0x0C,0x40,0xB2,0x5A,0x41,0x00,0x2F,0xC9,0x0E,0x40
,0xB2,0x5A,0xA8,0x04,0x2F,0xC9,0x04,0x40,0x72,0x00,0xFF,0x00,0x00,0x40,0x92,0x6E
,0x42,0x90,0xB4,0x22,0xE7,0xFF,0xB4,0x26,0x10,0x00,0x42,0xD0,0x42,0x90,0xB4,0x22
,0xF8,0xFF,0x14,0x26,0x42,0xD0,0x52,0x76,0x30,0x76,0x70,0x00,0xFF,0x00,0x1C,0x48
,0x20,0x90,0xB2,0x22,0xF3,0xFF,0x42,0x26,0x20,0xD0,0x20,0x90,0xB2,0x22,0xCF,0xFF
,0xB2,0x26,0x10,0x00,0x20,0xD0,0x20,0x90,0xB2,0x22,0xFF,0xFC,0x20,0xD0,0x20,0x90
,0x32,0x26,0x20,0xD0,0x0F,0x77,0x38,0x48,0x70,0x00,0xFF,0x00,0x36,0x48,0x20,0x90
,0xB2,0x22,0xF3,0xFF,0x32,0x26,0x20,0xD0,0x70,0x00,0xFF,0x00,0x00,0x49,0x00,0xC2
,0x00,0x76,0x10,0x76,0xEE,0x0A,0x70,0x00,0xFF,0x00,0x00,0x49,0x30,0x90,0xB3,0x20
,0x22,0x00,0x23,0x50,0x0C,0x1F,0x22,0x5D,0x2F,0xC9,0x02,0x49,0x10,0x76,0x0F,0xC1
,0x04,0x49,0xB0,0x5A,0xFF,0x00,0x0F,0xC9,0x00,0x4C,0xEE,0x0A,0x6F,0x7F,0x00,0x49
,0x9E,0x1F,0x0F,0x89,0x02,0x49,0x0F,0xC1,0x06,0x49,0xEE,0x0A,0xE7,0x01,0x1D,0x01
,0x0D,0x58,0xFF,0xC0,0xFB,0xFE,0x7C,0x00,0x00,0x00,0xE6,0x80,0xDC,0x00,0x10,0x50
,0x1E,0x1F,0x22,0x58,0xFF,0xC0,0xB3,0xFF,0xBB,0x5A,0xE7,0xFF,0x77,0x00,0xFF,0x00
,0x0E,0x40,0x79,0x00,0xFF,0x00,0x00,0x49,0xDC,0x00,0x50,0x50,0x02,0x11,0x60,0x50
,0x02,0x11,0x70,0x50,0x02,0x11,0x80,0x50,0x02,0x11,0xB0,0x50,0x09,0x00,0x01,0x11
,0xA0,0x50,0x03,0x11,0xB0,0x50,0x0B,0x00,0x06,0x11,0xC0,0x50,0x06,0x11,0xE9,0x11
,0x09,0xC2,0xEB,0x11,0x49,0xC2,0xE9,0x11,0x89,0xC2,0xE7,0x11,0xC9,0xC2,0xE5,0x11
,0xB0,0x5A,0x10,0x00,0x09,0xD0,0xE1,0x11,0x89,0xC2,0x07,0x90,0xB0,0x23,0x80,0x26
,0x07,0xD0,0xEB,0x10,0xC9,0xC2,0xEA,0x1F,0xB0,0x5A,0x10,0x00,0x09,0xD0,0xE6,0x1F
,0xB0,0x5A,0x80,0x00,0x0F,0xC9,0x04,0x50,0x09,0x76,0x19,0x76,0xDC,0x00,0x30,0x50
,0x1E,0x1F,0x42,0x58,0xFF,0xC0,0x33,0xFF,0xDC,0x00,0x09,0x5D,0x89,0x42,0xDC,0x00
,0x00,0x5D,0x90,0x27,0x09,0x5B,0xB9,0x0E,0x71,0x05,0x30,0x03,0x9A,0x5B,0xDC,0x00
,0x07,0xF0,0xD0,0x29,0x0D,0x59,0x17,0x60,0x9A,0x32,0x0A,0x52,0x19,0x1F,0xD2,0x59
,0xFF,0xC0,0x07,0xFF,0x00,0x05,0x98,0x81,0xD0,0x00,0x1D,0x02,0xE7,0x03,0x6D,0x80
,0x00,0x00